{

  "Consul": {
    "Address": "http://192.168.10.33:8500"
  },
  "Routes": [
    {
      "DownstreamPathTemplate": "/demo1/api/{everything}", // 下游服务路径
      "UpstreamPathTemplate": "/gateway/demo1/{everything}", // 上游请求路径
      "UpstreamHttpMethod": [], // 支持的 HTTP 方法
      "ServiceName": "demo1", // Consul 中注册的服务名称
      "UseServiceDiscovery": true, // 启用服务发现
      "LoadBalancerOptions": {
        "Type": "RoundRobin" // 负载均衡策略
      },
      "RouteIsCaseSensitive": false,
      "DownstreamScheme": "http", // 下游服务协议
      //"DownstreamHostAndPorts": [
      //  {
      //    "Host": "127.0.0.1", // 直接指定 IP 地址
      //    "Port": 5001
      //  }
      //],
      "UseAuthentication": false
    },
    {
      "DownstreamPathTemplate": "/demo2/api/{everything}", // 下游服务路径
      "UpstreamPathTemplate": "/gateway/demo2/{everything}", // 上游请求路径
      "UpstreamHttpMethod": [], // 支持的 HTTP 方法
      "ServiceName": "demo2", // Consul 中注册的服务名称
      "UseServiceDiscovery": true, // 启用服务发现
      "LoadBalancerOptions": {
        "Type": "RoundRobin" // 负载均衡策略
      },
      "RouteIsCaseSensitive": false,
      "DownstreamScheme": "http", // 下游服务协议
      //"DownstreamHostAndPorts": [
      //  {
      //    "Host": "127.0.0.1", // 直接指定 IP 地址
      //    "Port": 5001
      //  }
      //],
      "UseAuthentication": false
    }
  ],
  "QoSOptions": {
    "TimeoutValue": 5000, // 超时时间（毫秒）
    "ExceptionsAllowedBeforeBreaking": 5,
    "DurationOfBreak": 3000
  },
  "GlobalConfiguration": {
    "BaseUrl": "http://127.0.0.1:5000", // Ocelot 网关的基本 URL
    "ServiceDiscoveryProvider": {
      "Host": "192.168.10.33", // Consul 的主机地址
      "Port": 8500, // Consul 的端口
      "Type": "Consul" // 服务发现类型
    },
    "Logging": {
      "LogLevel": {
        "Default": "Debug"
      }
    }
  }

}

